run_id,iter,E_total,dE,RMS_D,TrDS,E_Hcore,E_2e,E_JK,Exc,E_T,E_Vne,converged,sum_DJ,sum_DK,R_KJ,diff_norm_JK
20251007_221249_H2O_H2O_6-31G_RHF,1,-83.05099769597406,inf,0.16645221362868898,,,,,,,,,76.31770328639757,76.31770328639756,0.9999999999999998,7.54665883497219e-15
20251007_221249_H2O_H2O_6-31G_RHF,2,-83.06108835909454,0.010090663120479348,0.024111364249256025,,,,,,,,,77.03705935835613,77.03705935835606,0.9999999999999991,1.0537765340028287e-14
20251007_221249_H2O_H2O_6-31G_RHF,3,-83.06153045959987,0.0004421005053245608,0.004160915840872317,,,,,,,,,76.91819891039398,76.91819891039397,0.9999999999999998,9.584639669977982e-15
20251007_221249_H2O_H2O_6-31G_RHF,4,-83.06153047821424,1.861437226580165e-08,2.8390587747880497e-05,,,,,,,,,76.9173838304695,76.91738383046952,1.0000000000000002,6.8190653741759526e-15
20251007_221249_H2O_H2O_6-31G_RHF,5,-83.06153047821438,1.4210854715202004e-13,1.285132316833245e-07,,,,,,,,,76.91738588306491,76.91738588306488,0.9999999999999997,9.931998339083566e-15
