{
  "run_id": "20251115_184033_H2O_H2O_STO-3G_RHF",
  "method": "RHF",
  "basis": "sto-3g",
  "input_tag": "H2O",
  "details": {
    "scf_history": [
      {
        "iter": 1,
        "E_total": -72.85939305321605,
        "dE": Infinity,
        "RMS_D": 0.019796310142388123,
        "sum_DJ": 56.353159636151915,
        "sum_DK": 56.35315963615192,
        "R_KJ": 1.0000000000000002,
        "diff_norm_JK": 2.682975169497797e-15
      },
      {
        "iter": 2,
        "E_total": -72.85940126838703,
        "dE": 8.215170979042341e-06,
        "RMS_D": 0.0004476977078162306,
        "sum_DJ": 56.35617494101286,
        "sum_DK": 56.35617494101287,
        "R_KJ": 1.0000000000000002,
        "diff_norm_JK": 2.3128906185831588e-15
      },
      {
        "iter": 3,
        "E_total": -72.8594012759118,
        "dE": 7.524761258537183e-09,
        "RMS_D": 1.2977977680948384e-05,
        "sum_DJ": 56.356087823527176,
        "sum_DK": 56.35608782352718,
        "R_KJ": 1.0000000000000002,
        "diff_norm_JK": 2.396642123083981e-15
      },
      {
        "iter": 4,
        "E_total": -72.85940127591185,
        "dE": 5.684341886080802e-14,
        "RMS_D": 4.239181024942877e-09,
        "sum_DJ": 56.35608779537015,
        "sum_DK": 56.356087795370144,
        "R_KJ": 0.9999999999999999,
        "diff_norm_JK": 2.4973849386715747e-15
      }
    ],
    "final_energy": -72.85940127591185,
    "mo_energies": [
      -25.694574254056597,
      -5.156974082384074,
      -2.9605933157036715,
      -2.697379942954851,
      2.528731226316461,
      4.77289153753526,
      6.907273517892187
    ],
    "occupations": [
      2.0,
      2.0,
      2.0,
      2.0,
      2.0,
      0.0,
      0.0
    ],
    "__matrices_files__": {
      "npz": "matrices_H2O.npz",
      "json": "matrices_H2O.json"
    }
  }
}