run_id,iter,E_total,dE,RMS_D,TrDS,E_Hcore,E_2e,E_JK,Exc,E_T,E_Vne,converged,sum_DJ,sum_DK,R_KJ,diff_norm_JK
20251115_184033_H2O_H2O_STO-3G_RHF,1,-72.85939305321605,inf,0.019796310142388123,,,,,,,,,56.353159636151915,56.35315963615192,1.0000000000000002,2.682975169497797e-15
20251115_184033_H2O_H2O_STO-3G_RHF,2,-72.85940126838703,8.215170979042341e-06,0.0004476977078162306,,,,,,,,,56.35617494101286,56.35617494101287,1.0000000000000002,2.3128906185831588e-15
20251115_184033_H2O_H2O_STO-3G_RHF,3,-72.8594012759118,7.524761258537183e-09,1.2977977680948384e-05,,,,,,,,,56.356087823527176,56.35608782352718,1.0000000000000002,2.396642123083981e-15
20251115_184033_H2O_H2O_STO-3G_RHF,4,-72.85940127591185,5.684341886080802e-14,4.239181024942877e-09,,,,,,,,,56.35608779537015,56.356087795370144,0.9999999999999999,2.4973849386715747e-15
